INSERT INTO USER VALUES(NULL,FALSE,'pass@123','STAFF','Enam');
INSERT INTO USER VALUES(NULL,FALSE,'pass@654','APPLICANT','Vector');

INSERT INTO UNIVERSITYSTAFFS VALUES (100,'suKK90_Sark','STAFF','Sukk1');
INSERT INTO UNIVERSITYSTAFFS VALUES (200,'supA56_ark','COMMITEE','Sukk2');
INSERT INTO UNIVERSITYSTAFFS VALUES (300,'sup9ft_tSark','STAFF','Sukk3');
INSERT INTO UNIVERSITYSTAFFS VALUES (400,'sup9fs_Sark','STAFF','Sukk4');
INSERT INTO UNIVERSITYSTAFFS VALUES (500,'sup99@Sark','COMMITEE','Sukk5');
INSERT INTO UNIVERSITYSTAFFS VALUES (600,'string@78G','COMMITEE','Sukk6');
INSERT INTO UNIVERSITYSTAFFS VALUES (700,'Password_98','COMMITEE','Sukk7');
INSERT INTO UNIVERSITYSTAFFS VALUES (800,'Supratim_36','COMMITEE','Sukk8');


INSERT INTO ADMISSION_COMMITEE_MEMBER VALUES ('sashank.roy@gcapgemini.com',1000,'Sashank',200);
INSERT INTO ADMISSION_COMMITEE_MEMBER VALUES ('durgeshD2@gmail.com',2000,'Durgesh',500);
INSERT INTO ADMISSION_COMMITEE_MEMBER VALUES ('md.salim4capgemini.com',3000,'Md.Salim',600);
INSERT INTO ADMISSION_COMMITEE_MEMBER VALUES ('fred@yahoo.com',4000,'Freddy',700);
INSERT INTO ADMISSION_COMMITEE_MEMBER VALUES ('reddy67@gmail.com',5000,'Reddy',800);

INSERT INTO COURSE VALUES(200,'3 YEARS',DATEADD(YEAR,3,SYSDATE()),'400000','B.Sc Math',SYSDATE(),100);
INSERT INTO COURSE VALUES(210,'3 YEARS',DATEADD(YEAR,3,SYSDATE()),'400000','B.Sc Chemistry',SYSDATE(),100);
INSERT INTO COURSE VALUES(220,'3 YEARS',DATEADD(YEAR,3,SYSDATE()),'400000','B.Sc Physics',SYSDATE(),100);
INSERT INTO COURSE VALUES(300,'4 YEARS',DATEADD(YEAR,4,SYSDATE()),'800000','B.TECH ME',SYSDATE(),300);
INSERT INTO COURSE VALUES(310,'4 YEARS',DATEADD(YEAR,4,SYSDATE()),'800000','B.TECH CE',SYSDATE(),300);
INSERT INTO COURSE VALUES(320,'4 YEARS',DATEADD(YEAR,4,SYSDATE()),'800000','B.TECH IT',SYSDATE(),300);
INSERT INTO COURSE VALUES(330,'4 YEARS',DATEADD(YEAR,4,SYSDATE()),'800000','B.TECH CSE',SYSDATE(),300);
INSERT INTO COURSE VALUES(340,'4 YEARS',DATEADD(YEAR,4,SYSDATE()),'800000','B.TECH ECE',SYSDATE(),300);
INSERT INTO COURSE VALUES(110,'2 YEARS',DATEADD(YEAR,2,SYSDATE()),'500000','M.TECH CSE',SYSDATE(),400);
INSERT INTO COURSE VALUES(120,'2 YEARS',DATEADD(YEAR,2,SYSDATE()),'500000','M.TECH ECE',SYSDATE(),400);
INSERT INTO COURSE VALUES(130,'2 YEARS',DATEADD(YEAR,2,SYSDATE()),'500000','M.TECH ME',SYSDATE(),400);
INSERT INTO COURSE VALUES(140,'2 YEARS',DATEADD(YEAR,2,SYSDATE()),'500000','M.TECH IT',SYSDATE(),400);
INSERT INTO COURSE VALUES(150,'2 YEARS',DATEADD(YEAR,2,SYSDATE()),'500000','M.TECH CE',SYSDATE(),400);



INSERT INTO APPLICANT(APPLICANT_ID,ADDRESS,DEGREE,APPLICANT_FIRSTNAME,GRAD_PER,APPLICANT_LASTNAME,COURSE_ID,EMAIL_ID,GENDER,PH_NO,PASSWORD,USERNAME,ROLE) VALUES(4500,'durgapur','12th pass','Sunil',44,'Sharma',220,'sunil.sharma@gmail.com','MALE','9903726272','Sunil','pass12','applicant');
INSERT INTO APPLICANT(APPLICANT_ID,ADDRESS,DEGREE,APPLICANT_FIRSTNAME,GRAD_PER,APPLICANT_LASTNAME,COURSE_ID,EMAIL_ID,GENDER,PH_NO,PASSWORD,USERNAME,ROLE) VALUES(4501,'kharagpur','10th pass','Karishma',98,'Agarwal',210,'karishma.agarwal@rediff.com','FEMALE','9934567890','Karishma','pass34','applicant');
INSERT INTO APPLICANT(APPLICANT_ID,ADDRESS,DEGREE,APPLICANT_FIRSTNAME,GRAD_PER,APPLICANT_LASTNAME,COURSE_ID,EMAIL_ID,GENDER,PH_NO,PASSWORD,USERNAME,ROLE) VALUES(4502,'medinipur','B.Tech CSE pass','Priyam',55,'Garg',110,'priyam.garg@gmail.com','MALE','9874132526','Priyam','pass56','applicant');
INSERT INTO APPLICANT(APPLICANT_ID,ADDRESS,DEGREE,APPLICANT_FIRSTNAME,GRAD_PER,APPLICANT_LASTNAME,COURSE_ID,EMAIL_ID,GENDER,PH_NO,PASSWORD,USERNAME,ROLE) VALUES(4504,'howrah','12th pass','Suzan',94,'Arora',510,'suzan.arora@amazon.com','FEMALE','8930266363','Suzan','pass78','applicant');
INSERT INTO APPLICANT(APPLICANT_ID,ADDRESS,DEGREE,APPLICANT_FIRSTNAME,GRAD_PER,APPLICANT_LASTNAME,COURSE_ID,EMAIL_ID,GENDER,PH_NO,PASSWORD,USERNAME,ROLE) VALUES(4503,'durgapur','12th pass','Ayush',90,'Banik',320,'ayush.banik@yahoo.com','MALE','7980263737','Ayush','pass90','applicant');


INSERT INTO ADMISSION (ADMISSION_ID,ADMISSION_DATE,COURSE_ID,STATUS,ADMISSION_COMMITEE_STAFF_ID,APPLICANT_APPLICANT_ID) VALUES(10,DATEADD(YEAR,2,SYSDATE()),220,'PENDING',200,4500);
INSERT INTO ADMISSION (ADMISSION_ID,ADMISSION_DATE,COURSE_ID,STATUS,ADMISSION_COMMITEE_STAFF_ID,APPLICANT_APPLICANT_ID) VALUES(20,DATEADD(YEAR,3,SYSDATE()),210,'PENDING',500,4501);
INSERT INTO ADMISSION (ADMISSION_ID,ADMISSION_DATE,COURSE_ID,STATUS,ADMISSION_COMMITEE_STAFF_ID,APPLICANT_APPLICANT_ID) VALUES(30,DATEADD(YEAR,4,SYSDATE()),110,'PENDING',700,4502);
INSERT INTO ADMISSION (ADMISSION_ID,ADMISSION_DATE,COURSE_ID,STATUS,ADMISSION_COMMITEE_STAFF_ID,APPLICANT_APPLICANT_ID) VALUES(40,DATEADD(YEAR,6,SYSDATE()),320,'PENDING',600,4503);
INSERT INTO ADMISSION (ADMISSION_ID,ADMISSION_DATE,COURSE_ID,STATUS,ADMISSION_COMMITEE_STAFF_ID,APPLICANT_APPLICANT_ID) VALUES(50,DATEADD(YEAR,6,SYSDATE()),510,'PENDING',800,4504);